Start,End,Sequence,Charge,Search RT,Actual RT,# Spectra,Peak Width,m/z Shift,Max Inty,Exp Cent,Theor Cent,Score,Confidence
-36,-17,EKGGGSGGGSGGSAWSHPQF,3,9.55,9.42-9.72,37,0.049,0.005,5.22e+05,616.722,616.631,0.8736,Medium
-22,-14,WSHPQFEKD,2,7.96,7.96-7.97,3,0.047,0.006,2.02e+04,587.895,587.625,0.7361,Medium
-13,-5,YDIPTTENL,1,10.61,10.58-10.85,33,0.094,0.013,1.23e+06,1066.210,1066.140,0.9205,High
-4,2,YFQGAMN,1,8.87,8.85-8.91,8,0.076,0.010,1.69e+05,831.023,830.929,0.9062,Medium
2,12,NYVGQLAGQVF,1,12.75,12.63-12.93,37,0.111,0.014,3.4e+05,1196.395,1196.333,0.9166,High
2,12,NYVGQLAGQVF,2,12.75,12.62-12.92,37,0.046,0.007,3.76e+06,598.700,598.670,0.9367,High
3,12,YVGQLAGQVF,1,11.98,12.06-12.13,9,0.099,0.013,1.51e+05,1082.298,1082.231,0.8923,Medium
3,12,YVGQLAGQVF,2,11.98,12.09-12.16,10,0.044,0.006,7.29e+05,541.649,541.619,0.9312,High
13,30,VTVKELYKGLNPATLSGC,3,11.13,10.99-11.05,9,0.050,0.006,1.76e+05,632.137,632.074,0.8949,Medium
13,32,VTVKELYKGLNPATLSGCID,2,11.61,11.69-11.76,9,0.088,0.011,3e+05,1061.761,1061.737,0.9313,High
13,32,VTVKELYKGLNPATLSGCID,3,11.61,11.71-11.79,10,0.050,0.007,1.96e+06,708.182,708.160,0.9132,High
18,32,LYKGLNPATLSGCID,2,11.16,11.21-11.29,9,0.066,0.007,1.07e+05,783.530,783.410,0.8607,Medium
31,35,IDIIV,1,12.01,11.95-12.02,8,0.053,0.006,7.78e+04,572.807,572.715,0.8978,Medium
32,36,DIIVI,1,12.11,11.87-11.93,8,0.053,0.007,1.31e+05,572.752,572.715,0.9267,Medium
33,43,IIVIRQPNGSL,2,9.45,9.53-9.61,9,0.050,0.006,5.19e+05,605.754,605.728,0.9302,High
33,52,IIVIRQPNGSLQCSPFHVRF,4,11.24,11.16-11.24,9,0.046,0.005,2e+05,578.983,578.936,0.8924,Medium
33,55,IIVIRQPNGSLQCSPFHVRFGKM,5,10.61,10.55-10.63,10,0.042,0.005,2.87e+05,526.645,526.634,0.9293,High
33,58,IIVIRQPNGSLQCSPFHVRFGKMGVL,4,11.46,11.51-11.59,10,0.057,0.007,4.91e+05,725.394,725.375,0.9399,High
34,55,IVIRQPNGSLQCSPFHVRFGKM,4,10.30,10.32-10.39,9,0.050,0.006,5.32e+04,629.894,629.751,0.7343,Medium
34,55,IVIRQPNGSLQCSPFHVRFGKM,5,10.30,10.41-10.47,9,0.044,0.005,4.7e+04,504.126,503.999,0.7913,Medium
34,58,IVIRQPNGSLQCSPFHVRFGKMGVL,5,11.19,11.18-11.25,9,0.045,0.005,1.64e+05,557.931,557.871,0.8771,Medium
36,58,IRQPNGSLQCSPFHVRFGKMGVL,4,11.14,11.03-11.10,9,0.051,0.006,2.5e+05,644.049,644.013,0.8915,High
44,52,QCSPFHVRF,2,10.51,10.51-10.57,9,0.045,0.005,2.91e+04,561.485,561.151,0.6046,Medium
44,58,QCSPFHVRFGKMGVL,3,11.08,11.16-11.23,9,0.047,0.005,1.98e+05,569.728,569.690,0.9149,High
56,66,GVLRSREKVVD,3,5.47,5.37-5.45,9,0.035,0.005,1.38e+05,420.163,420.155,0.9499,High
59,66,RSREKVVD,2,3.82,3.71-3.98,33,0.040,0.005,1.26e+06,495.066,495.058,0.9620,High
67,73,IEINGES,1,7.20,7.12-7.37,31,0.067,0.009,1.56e+06,761.856,761.798,0.9171,Medium
67,76,IEINGESVDL,1,11.88,11.78-11.99,26,0.100,0.013,6.26e+05,1089.238,1089.175,0.9134,High
74,87,VDLHMKLGDNGEAF,2,10.40,10.36-10.38,5,0.064,0.008,1.81e+04,774.151,773.867,0.7032,Low
74,87,VDLHMKLGDNGEAF,3,10.40,10.27-10.52,31,0.042,0.005,2.92e+05,516.331,516.245,0.8727,Medium
77,86,HMKLGDNGEA,2,5.69,5.75-5.81,9,0.046,0.006,5.88e+04,536.651,536.591,0.8874,Medium
77,88,HMKLGDNGEAFF,2,10.77,10.79-11.09,36,0.056,0.007,9.28e+05,684.010,683.753,0.7507,Low
77,88,HMKLGDNGEAFF,3,10.77,10.78-10.86,9,0.038,0.005,3.72e+05,456.197,456.180,0.9473,High
88,95,FVQETDND,1,5.91,5.88-5.95,9,0.088,0.011,3.79e+04,968.049,967.954,0.8806,Medium
88,96,FVQETDNDQ,1,5.86,5.77-5.84,9,0.101,0.014,1.17e+04,1096.314,1096.083,0.7979,Medium
88,102,FVQETDNDQEIIPMY,2,12.24,12.29-12.35,9,0.073,0.009,7.32e+05,922.041,922.003,0.9316,High
88,103,FVQETDNDQEIIPMYL,3,14.08,13.94-14.01,8,0.055,0.007,6.32e+04,652.847,652.724,0.8328,Medium
89,96,VQETDNDQ,1,4.06,3.87-4.24,45,0.084,0.012,7.55e+03,949.323,948.909,0.6760,Medium
89,102,VQETDNDQEIIPMY,2,11.77,11.82-11.89,9,0.068,0.008,3.2e+05,848.446,848.416,0.9019,High
89,102,VQETDNDQEIIPMY,3,11.77,11.67-11.75,9,0.045,0.005,3.79e+04,566.027,565.947,0.8165,Medium
96,102,QEIIPMY,1,11.93,11.88-11.96,9,0.083,0.011,1.22e+05,894.155,894.068,0.8991,Medium
96,103,QEIIPMYL,2,13.88,13.87-13.94,9,0.043,0.006,8.3e+04,504.131,504.117,0.9221,High
97,102,EIIPMY,1,11.88,11.98-12.04,9,0.072,0.009,1.19e+05,766.302,765.939,0.8029,Medium
97,103,EIIPMYL,2,14.01,14.06-14.13,9,0.040,0.006,4.19e+04,440.153,440.052,0.8517,Medium
103,109,LATSPIL,1,10.59,10.69-10.76,9,0.064,0.008,1.94e+05,714.950,714.871,0.8993,Medium
103,116,LATSPILSEGAARM,2,10.37,10.22-10.29,8,0.060,0.007,9.09e+04,709.509,709.330,0.8182,Medium
103,116,LATSPILSEGAARM,3,10.37,10.16-10.36,24,0.041,0.006,5.32e+04,473.457,473.223,0.6562,Low
104,109,ATSPIL,1,9.76,9.75-9.82,8,0.052,0.006,6.52e+04,602.077,601.713,0.7740,Medium
110,120,SEGAARMESQL,2,8.40,8.37-8.44,9,0.052,0.006,7.73e+04,590.253,590.146,0.8414,Medium
198,217,SRTLPNDVPPFQDDIPKENF,2,10.87,10.68-11.05,45,0.096,0.011,5.9e+04,1166.189,1165.686,0.6112,Low
198,217,SRTLPNDVPPFQDDIPKENF,3,10.87,10.80-10.88,9,0.063,0.008,1.11e+05,777.583,777.514,0.8837,Medium
257,270,VSKSADRLTPKNNL,2,6.22,6.13-6.20,9,0.061,0.008,4.57e+04,772.329,772.377,0.8892,High
257,272,VSKSADRLTPKNNLEM,2,7.56,7.39-7.72,40,0.076,0.010,4.61e+05,902.598,902.533,0.9097,High
257,272,VSKSADRLTPKNNLEM,3,7.56,7.52-7.60,10,0.047,0.006,8e+05,602.046,602.024,0.9369,High
271,275,EMLWL,1,14.54,14.59-14.65,8,0.065,0.009,1.17e+05,692.122,691.832,0.8317,Medium
276,308,WGELPQAAKSSSPHKMKESSPLGSRKTPDKMNF,5,7.93,7.99-8.07,9,0.058,0.007,1.18e+05,732.706,732.631,0.8627,Medium
309,318,QAIHSESSDT,2,4.35,4.42-4.50,9,0.045,0.006,3.48e+05,538.055,538.037,0.9504,High
309,326,QAIHSESSDTFSDQSPTM,2,8.76,8.77-8.85,9,0.080,0.009,1.79e+05,985.090,985.016,0.9099,High
309,326,QAIHSESSDTFSDQSPTM,3,8.76,8.72-8.79,8,0.053,0.006,2.07e+05,657.057,657.010,0.9065,Medium
309,331,QAIHSESSDTFSDQSPTMARGLL,3,10.51,10.52-10.58,8,0.066,0.008,7.58e+04,827.342,827.216,0.8426,Medium
309,342,QAIHSESSDTFSDQSPTMARGLLIHQSKAQTEMQ,4,9.19,9.32-9.40,9,0.074,0.008,1.37e+05,941.352,941.275,0.8850,High
309,342,QAIHSESSDTFSDQSPTMARGLLIHQSKAQTEMQ,5,9.19,9.11-9.18,9,0.058,0.007,4.76e+05,753.275,753.223,0.9045,High
319,342,FSDQSPTMARGLLIHQSKAQTEMQ,4,9.03,9.07-9.15,9,0.054,0.006,2.35e+05,677.292,677.267,0.9326,High
327,342,ARGLLIHQSKAQTEMQ,3,6.68,6.66-6.73,9,0.048,0.006,4.22e+05,604.718,604.699,0.9508,High
327,342,ARGLLIHQSKAQTEMQ,4,6.68,6.49-6.99,61,0.037,0.006,1.81e+06,453.798,453.776,0.9408,High
330,342,LLIHQSKAQTEMQ,3,6.89,6.80-6.87,9,0.041,0.005,4.97e+04,509.990,509.928,0.8102,Medium
332,342,IHQSKAQTEMQ,2,4.46,4.54-4.61,9,0.055,0.006,7.47e+04,651.249,651.230,0.9373,High
335,342,SKAQTEMQ,2,4.42,4.45-4.51,8,0.040,0.005,1.33e+04,462.151,462.016,0.7293,Medium
343,349,FVNEEDL,1,10.03,9.98-10.05,9,0.073,0.010,9.42e+05,865.937,865.904,0.9210,High
350,363,ESLGAAAPPSPVAE,1,8.32,8.35-8.42,9,0.121,0.015,1.06e+04,1296.426,1296.405,0.8265,Medium
350,364,ESLGAAAPPSPVAEE,2,8.35,8.43-8.49,9,0.060,0.007,2.9e+05,713.332,713.263,0.9060,Medium
364,399,ELKAPYPNTAQSSSKTDSPSRKKDKRSRHLGADGVY,4,5.90,6.00-6.08,9,0.078,0.009,2.28e+04,995.108,995.091,0.8993,High
365,399,LKAPYPNTAQSSSKTDSPSRKKDKRSRHLGADGVY,5,5.49,5.65-5.73,10,0.060,0.008,1.66e+05,770.472,770.451,0.9210,High
365,400,LKAPYPNTAQSSSKTDSPSRKKDKRSRHLGADGVYL,5,6.78,6.87-6.94,9,0.063,0.008,4.52e+04,793.106,793.083,0.9132,High
400,411,LDDLTDMDPEVA,2,11.14,11.23-11.31,9,0.056,0.006,8.28e+04,667.794,667.718,0.8839,Medium
400,412,LDDLTDMDPEVAA,1,11.09,11.05-11.12,8,0.131,0.017,4.82e+04,1406.006,1405.507,0.7649,Medium
400,412,LDDLTDMDPEVAA,2,11.09,11.15-11.23,9,0.057,0.007,6.7e+05,703.331,703.255,0.8941,Medium
400,413,LDDLTDMDPEVAAL,1,12.87,12.85-12.92,9,0.137,0.019,1.74e+04,1518.681,1518.665,0.8970,Medium
401,412,DDLTDMDPEVAA,1,10.56,10.72-10.79,9,0.120,0.017,1.94e+04,1292.356,1292.349,0.8366,Medium
403,412,LTDMDPEVAA,1,9.19,9.16-9.23,9,0.098,0.012,7.37e+04,1062.446,1062.174,0.8536,Medium
403,413,LTDMDPEVAAL,1,11.67,11.55-11.62,9,0.114,0.013,2.87e+04,1175.719,1175.332,0.8004,Medium
404,412,TDMDPEVAA,1,8.19,8.22-8.28,8,0.086,0.011,1.26e+05,949.335,949.016,0.8365,Medium
414,466,YFPKNGDPGGLPKQASDNGARSANQSPQSVGGSGIDSGVESTSDSLRDLPSIA,4,10.23,10.33-10.40,8,0.107,0.011,1.59e+04,1323.756,1323.648,0.7991,Medium
467,475,ISLCGGLSD,1,10.92,10.97-11.04,8,0.082,0.011,1.3e+05,865.259,864.984,0.8194,Medium
467,484,ISLCGGLSDHREITKDAF,2,10.08,10.10-10.18,9,0.082,0.009,1.68e+05,982.168,982.104,0.9041,High
467,484,ISLCGGLSDHREITKDAF,3,10.08,10.14-10.21,9,0.052,0.007,6.57e+05,655.113,655.072,0.9145,High
467,485,ISLCGGLSDHREITKDAFL,4,11.03,11.04-11.11,9,0.042,0.005,2.54e+05,519.889,519.845,0.9051,High
470,484,CGGLSDHREITKDAF,3,8.24,8.16-8.23,9,0.044,0.005,3.95e+05,550.635,550.607,0.9191,Medium
470,485,CGGLSDHREITKDAFL,2,9.53,9.48-9.54,8,0.073,0.008,2.38e+04,882.017,881.986,0.8459,Medium
476,484,HREITKDAF,2,6.47,6.49-6.56,9,0.046,0.006,7.46e+04,559.180,559.122,0.9043,Medium
476,484,HREITKDAF,3,6.47,6.56-6.64,9,0.031,0.005,2.16e+05,373.102,373.084,0.8992,Medium
476,485,HREITKDAFL,3,8.40,8.43-8.49,8,0.036,0.005,8.1e+04,410.823,410.803,0.9253,Medium
485,490,LEQAVS,1,5.43,5.37-5.44,8,0.058,0.007,4.57e+04,646.959,646.711,0.8336,Medium
485,491,LEQAVSY,1,8.30,8.38-8.38,1,0.072,0.009,9.84e+03,810.137,809.884,0.7741,Medium
485,494,LEQAVSYQQF,1,10.57,10.56-10.63,8,0.115,0.015,1.28e+04,1213.488,1213.317,0.8045,Medium
485,506,LEQAVSYQQFADNPAIIDDPNL,3,12.34,12.36-12.44,9,0.062,0.008,9.77e+05,821.582,821.554,0.9359,High
486,494,EQAVSYQQF,1,10.26,10.08-10.45,45,0.114,0.026,3.99e+04,1101.843,1100.008,0.2982,Low
486,494,EQAVSYQQF,2,10.26,10.09-10.16,8,0.046,0.004,3.35e+04,550.808,550.584,0.6988,Medium
486,506,EQAVSYQQFADNPAIIDDPNL,2,12.19,12.18-12.25,10,0.097,0.012,1.34e+05,1175.304,1175.248,0.9119,High
488,506,AVSYQQFADNPAIIDDPNL,2,12.18,12.24-12.30,9,0.087,0.010,1.51e+05,1046.690,1046.626,0.9109,Medium
489,506,VSYQQFADNPAIIDDPNL,2,12.09,12.14-12.20,9,0.086,0.010,5.19e+04,1011.370,1011.087,0.7540,Medium
491,506,YQQFADNPAIIDDPNL,2,11.77,11.72-11.80,9,0.075,0.009,1.3e+05,918.082,917.983,0.9047,High
492,506,QQFADNPAIIDDPNL,2,11.25,11.36-11.42,9,0.053,0.007,3.46e+05,836.454,836.396,0.7688,Medium
495,506,ADNPAIIDDPNL,1,10.55,10.48-10.55,9,0.116,0.016,3.02e+04,1268.618,1268.351,0.8132,Medium
495,506,ADNPAIIDDPNL,2,10.55,10.53-10.61,9,0.052,0.006,3.31e+05,634.734,634.679,0.9129,Medium
507,524,VVKVGNKYYNWTTAAPLL,2,11.82,11.90-11.97,9,0.083,0.010,3.45e+05,1019.709,1019.690,0.9470,High
507,524,VVKVGNKYYNWTTAAPLL,3,11.82,11.78-11.84,9,0.046,0.007,2.85e+06,680.153,680.129,0.9197,High
507,525,VVKVGNKYYNWTTAAPLLL,3,12.80,12.81-12.88,9,0.053,0.008,1.34e+06,717.869,717.848,0.9362,High
525,529,LAMQA,1,7.56,7.54-7.61,8,0.046,0.007,7.82e+05,533.713,533.663,0.9243,High
526,540,AMQAFQKPLPKATVE,2,8.07,8.04-8.11,9,0.072,0.009,4.9e+04,830.640,830.489,0.8070,Medium
526,554,AMQAFQKPLPKATVESIMRDKMPKKGGRW,5,9.21,9.27-9.34,9,0.052,0.007,2.29e+04,667.305,667.203,0.7693,Medium
528,540,QAFQKPLPKATVE,2,6.91,6.96-7.02,9,0.062,0.007,4.33e+04,729.424,729.351,0.8608,Medium
530,540,FQKPLPKATVE,2,6.42,6.46-6.53,9,0.052,0.007,3.79e+05,629.762,629.747,0.9500,High
530,541,FQKPLPKATVES,2,6.27,6.08-6.45,45,0.047,0.007,3.48e+04,673.167,673.286,0.6479,Low
530,541,FQKPLPKATVES,3,6.27,6.35-6.43,9,0.035,0.006,4.28e+04,449.154,449.193,0.8733,High
530,554,FQKPLPKATVESIMRDKMPKKGGRW,5,8.71,8.67-8.75,9,0.047,0.006,1.3e+05,586.957,586.911,0.9006,High
541,554,SIMRDKMPKKGGRW,3,6.47,6.49-6.56,9,0.046,0.006,1.12e+05,564.373,564.358,0.9412,High
541,562,SIMRDKMPKKGGRWWFSWRGRN,5,9.42,9.47-9.53,9,0.042,0.005,3.08e+04,557.062,557.057,0.8828,Medium
544,554,RDKMPKKGGRW,3,4.68,4.51-4.58,9,0.037,0.005,7.28e+04,453.917,453.880,0.9147,Medium
555,564,WFSWRGRNAT,3,10.27,10.41-10.48,10,0.035,0.004,4.91e+05,427.823,427.806,0.9413,High
555,575,WFSWRGRNATIKEESKPEQCL,4,9.99,10.00-10.08,9,0.052,0.006,7.79e+04,642.538,642.474,0.8769,Medium
565,589,IKEESKPEQCLTGKGHNTGEQPAQL,4,6.83,6.77-6.84,8,0.058,0.009,1.55e+04,681.861,681.754,0.7994,Medium
565,591,IKEESKPEQCLTGKGHNTGEQPAQLGL,4,8.04,8.05-8.12,10,0.057,0.007,2.25e+05,724.339,724.305,0.9057,High
568,591,ESKPEQCLTGKGHNTGEQPAQLGL,4,8.50,8.58-8.65,9,0.049,0.006,2.72e+05,631.726,631.695,0.8982,Medium
575,591,LTGKGHNTGEQPAQLGL,3,8.45,8.33-8.40,9,0.048,0.006,6.45e+04,574.739,574.635,0.7578,Medium
576,589,TGKGHNTGEQPAQL,2,5.91,5.84-5.91,8,0.063,0.008,9.3e+03,719.986,719.766,0.7180,Medium
576,591,TGKGHNTGEQPAQLGL,2,8.35,8.26-8.33,8,0.071,0.008,5.77e+04,805.006,804.871,0.8022,Medium
592,619,ATRIKHESSSSDEEHAAAKPSGSSHLSL,4,6.11,6.06-6.13,8,0.058,0.007,1.23e+04,731.044,731.025,0.8538,High
592,619,ATRIKHESSSSDEEHAAAKPSGSSHLSL,5,6.11,5.92-6.29,45,0.051,0.007,8.06e+04,585.064,585.022,0.7457,Low
620,631,LSNVSYKKTLRL,3,8.14,7.96-8.03,8,0.039,0.005,2.51e+05,474.934,474.903,0.8579,Medium
620,631,LSNVSYKKTLRL,4,8.14,7.83-8.33,60,0.031,0.005,1.34e+06,356.439,356.429,0.9298,High
620,636,LSNVSYKKTLRLTSEQL,2,8.88,8.93-8.99,8,0.085,0.010,2.16e+04,991.248,991.142,0.8043,Medium
620,636,LSNVSYKKTLRLTSEQL,3,8.88,8.81-9.10,35,0.056,0.006,3.6e+05,661.168,661.087,0.8529,Medium
620,647,LSNVSYKKTLRLTSEQLKSLKLKNGPND,4,8.88,8.85-8.93,9,0.064,0.007,5.21e+04,795.005,794.917,0.8014,Medium
620,650,LSNVSYKKTLRLTSEQLKSLKLKNGPNDVVF,5,9.97,10.04-10.11,10,0.054,0.007,9.1e+05,705.240,705.222,0.9342,High
632,650,TSEQLKSLKLKNGPNDVVF,3,9.61,9.63-9.70,9,0.057,0.006,2.57e+05,706.837,706.809,0.8647,Medium
632,650,TSEQLKSLKLKNGPNDVVF,4,9.61,9.69-9.76,9,0.042,0.005,3.7e+05,530.381,530.359,0.8906,High
637,650,KSLKLKNGPNDVVF,2,8.77,8.59-8.66,8,0.066,0.007,4.25e+04,780.504,780.419,0.8026,Medium
637,650,KSLKLKNGPNDVVF,4,8.77,8.64-8.80,21,0.033,0.005,8.04e+04,390.774,390.713,0.8494,Low
639,650,LKLKNGPNDVVF,3,9.67,9.68-9.74,9,0.038,0.004,3.53e+04,449.047,448.865,0.7544,Medium
651,662,SVTTQYQGTCRC,2,7.41,7.44-7.51,9,0.056,0.007,1.99e+05,674.330,674.254,0.8834,Medium
651,662,SVTTQYQGTCRC,3,7.41,7.23-7.60,45,0.034,0.005,1.4e+05,450.104,449.836,0.6179,Low
651,668,SVTTQYQGTCRCEGTIYL,2,11.12,11.09-11.52,53,0.085,0.011,3.35e+05,1013.187,1012.631,0.6719,Medium
669,678,WNWDDKVIIS,2,12.03,12.04-12.11,9,0.052,0.006,2.33e+05,638.785,638.713,0.8927,High
669,685,WNWDDKVIISDIDGTIT,2,13.41,13.50-13.57,9,0.088,0.010,1.65e+05,996.790,996.574,0.7911,Medium
669,687,WNWDDKVIISDIDGTITRS,3,13.06,13.05-13.13,9,0.064,0.007,3.93e+04,745.934,745.809,0.7894,Medium
669,700,WNWDDKVIISDIDGTITRSDTLGHILPTLGKD,5,13.61,13.76-13.82,9,0.055,0.008,6.62e+05,720.220,720.197,0.9283,High
669,709,WNWDDKVIISDIDGTITRSDTLGHILPTLGKDWTHQGIAKL,4,13.77,13.68-13.75,9,0.089,0.011,1.18e+05,1158.846,1158.800,0.9080,High
669,709,WNWDDKVIISDIDGTITRSDTLGHILPTLGKDWTHQGIAKL,5,13.77,13.79-13.86,9,0.071,0.010,4.81e+05,927.271,927.233,0.9072,High
679,700,DIDGTITRSDTLGHILPTLGKD,3,11.04,11.08-11.15,8,0.062,0.007,5.56e+04,780.621,780.524,0.8364,Medium
679,700,DIDGTITRSDTLGHILPTLGKD,4,11.04,11.15-11.22,9,0.048,0.005,1.09e+05,585.717,585.651,0.8439,Medium
679,709,DIDGTITRSDTLGHILPTLGKDWTHQGIAKL,4,11.83,12.01-12.08,9,0.069,0.008,4.98e+04,844.517,844.451,0.8668,Medium
680,685,IDGTIT,1,6.89,6.97-7.03,8,0.059,0.001,1.04e+05,619.868,619.685,0.8116,Medium
680,700,IDGTITRSDTLGHILPTLGKD,3,10.40,10.47-10.54,9,0.060,0.007,1.1e+05,742.227,742.165,0.8693,Medium
680,700,IDGTITRSDTLGHILPTLGKD,4,10.40,10.47-10.55,10,0.044,0.005,2.59e+05,556.906,556.878,0.9104,High
680,709,IDGTITRSDTLGHILPTLGKDWTHQGIAKL,4,11.46,11.44-11.51,9,0.066,0.007,1.2e+05,815.721,815.680,0.9081,High
686,709,RSDTLGHILPTLGKDWTHQGIAKL,4,10.87,10.93-10.99,9,0.054,0.006,9.83e+04,665.562,665.513,0.8686,Medium
701,709,WTHQGIAKL,2,8.35,8.33-8.40,9,0.044,0.006,5.88e+05,527.641,527.616,0.9435,Medium
710,720,YHKVSQNGYKF,2,7.09,7.12-7.18,9,0.058,0.007,3.07e+05,686.323,686.264,0.9030,High
710,720,YHKVSQNGYKF,3,7.09,7.12-7.19,10,0.036,0.005,1.1e+06,457.873,457.845,0.9194,High
710,721,YHKVSQNGYKFL,3,8.82,8.70-8.77,9,0.047,0.004,1.54e+05,495.636,495.565,0.7470,Medium
710,723,YHKVSQNGYKFLYC,2,9.98,9.95-10.02,9,0.065,0.008,7.69e+04,875.947,876.002,0.8739,Medium
710,725,YHKVSQNGYKFLYCSA,3,9.71,9.71-9.78,8,0.049,0.005,2.94e+04,637.174,637.056,0.7852,Medium
710,725,YHKVSQNGYKFLYCSA,4,9.71,9.65-9.72,8,0.045,0.005,2.97e+04,478.189,478.044,0.7226,Medium
721,725,LYCSA,1,7.82,7.82-7.89,8,0.050,0.007,5.37e+05,556.699,556.653,0.9276,Medium
724,732,SARAIGMAD,2,6.63,6.66-6.77,14,0.033,0.004,1.62e+05,446.612,446.511,0.7844,Medium
726,733,RAIGMADM,2,9.24,9.15-9.22,8,0.037,0.005,1.04e+05,433.189,433.032,0.8340,Medium
726,738,RAIGMADMTRGYL,2,10.76,10.67-10.73,8,0.062,0.007,2.87e+04,728.590,728.368,0.7439,Medium
726,760,RAIGMADMTRGYLHWVNERGTVLPQGPLLLSPSSL,4,13.01,12.92-13.00,10,0.076,0.009,8.64e+04,960.443,960.368,0.8755,High
730,738,MADMTRGYL,2,10.31,10.38-10.45,8,0.047,0.004,3.28e+04,529.929,529.632,0.7195,Medium
731,743,ADMTRGYLHWVNE,2,10.87,10.83-10.90,9,0.068,0.008,6.4e+04,797.064,796.882,0.7956,Medium
731,754,ADMTRGYLHWVNERGTVLPQGPLL,3,12.08,12.19-12.25,9,0.072,0.009,2.15e+05,909.082,909.041,0.9238,High
731,760,ADMTRGYLHWVNERGTVLPQGPLLLSPSSL,4,12.69,12.81-12.88,9,0.062,0.008,5.41e+05,828.231,828.200,0.9238,High
733,754,MTRGYLHWVNERGTVLPQGPLL,4,11.51,11.60-11.67,9,0.051,0.006,1.8e+05,635.533,635.493,0.9148,Medium
733,760,MTRGYLHWVNERGTVLPQGPLLLSPSSL,4,12.29,12.48-12.55,9,0.061,0.007,9.51e+04,781.718,781.655,0.8847,Medium
734,754,TRGYLHWVNERGTVLPQGPLL,3,11.51,11.50-11.57,9,0.064,0.007,5.04e+04,803.388,803.256,0.7881,Medium
734,754,TRGYLHWVNERGTVLPQGPLL,4,11.51,11.57-11.63,9,0.049,0.006,8.27e+04,602.844,602.694,0.7882,Medium
734,760,TRGYLHWVNERGTVLPQGPLLLSPSSL,4,12.24,12.28-12.35,9,0.059,0.007,1.21e+05,748.902,748.859,0.9101,High
738,760,LHWVNERGTVLPQGPLLLSPSSL,3,12.60,12.64-12.71,8,0.062,0.007,2.75e+04,839.104,838.972,0.6833,Medium
739,754,HWVNERGTVLPQGPLL,3,11.08,11.11-11.19,9,0.049,0.005,4.17e+05,606.396,606.365,0.9260,High
739,760,HWVNERGTVLPQGPLLLSPSSL,3,12.29,12.36-12.44,10,0.063,0.008,6.87e+05,801.287,801.252,0.9345,High
744,760,RGTVLPQGPLLLSPSSL,2,12.59,12.69-12.77,9,0.071,0.009,2.28e+05,868.548,868.526,0.9353,High
749,760,PQGPLLLSPSSL,1,12.81,12.78-12.85,9,0.103,0.015,8.49e+03,1209.322,1209.413,0.7535,Medium
749,760,PQGPLLLSPSSL,2,12.81,12.81-12.87,8,0.052,0.006,4.57e+04,605.326,605.210,0.8328,Medium
755,760,LSPSSL,1,9.08,9.19-9.26,9,0.051,0.007,9.25e+05,603.737,603.686,0.9137,Medium
761,781,FSALHREVIEKKPEKFKVQCL,3,8.07,8.09-8.17,9,0.070,0.008,4.21e+04,844.419,844.342,0.8251,Medium
761,781,FSALHREVIEKKPEKFKVQCL,4,8.07,7.97-8.03,8,0.051,0.006,7.18e+04,633.569,633.503,0.8562,Medium
765,776,HREVIEKKPEKF,3,4.92,4.92-4.98,9,0.044,0.005,3.25e+04,514.323,514.267,0.8944,Medium
765,776,HREVIEKKPEKF,4,4.92,4.75-5.13,46,0.032,0.005,2.98e+05,385.973,385.952,0.9364,Medium
765,780,HREVIEKKPEKFKVQC,4,5.59,5.75-5.81,9,0.041,0.006,1.41e+05,500.613,500.596,0.9263,High
765,781,HREVIEKKPEKFKVQCL,4,7.14,7.17-7.24,10,0.041,0.006,9.12e+05,528.899,528.886,0.9491,High
765,782,HREVIEKKPEKFKVQCLT,3,6.83,6.72-6.89,21,0.061,0.008,3.74e+04,738.686,738.547,0.7892,Low
765,782,HREVIEKKPEKFKVQCLT,4,6.83,6.94-7.01,9,0.044,0.006,5.4e+04,554.190,554.162,0.8706,Medium
765,783,HREVIEKKPEKFKVQCLTD,4,6.99,6.94-7.01,9,0.047,0.006,1.53e+05,582.947,582.934,0.9348,Medium
765,783,HREVIEKKPEKFKVQCLTD,5,6.99,7.01-7.07,9,0.038,0.006,1.94e+05,466.563,466.549,0.9391,High
781,796,LTDIKNLFFPNTEPFY,2,14.19,14.29-14.36,9,0.084,0.011,1.05e+05,980.802,980.403,0.6987,Medium
781,799,LTDIKNLFFPNTEPFYAAF,3,14.35,14.39-14.45,8,0.063,0.008,4.88e+04,750.735,750.425,0.6693,Medium
782,789,TDIKNLFF,2,13.26,13.26-13.33,8,0.044,0.005,4.42e+04,499.641,499.581,0.8885,Medium
782,795,TDIKNLFFPNTEPF,2,13.93,13.87-13.94,8,0.074,0.009,8.13e+04,842.617,842.444,0.8219,Medium
782,795,TDIKNLFFPNTEPF,3,13.93,13.89-13.97,9,0.049,0.006,2.34e+04,561.984,561.965,0.8646,High
782,796,TDIKNLFFPNTEPFY,2,14.03,14.23-14.29,9,0.077,0.010,3.19e+05,924.095,923.969,0.8625,Medium
782,798,TDIKNLFFPNTEPFYAA,2,13.88,13.86-13.92,8,0.088,0.011,6.88e+04,995.339,995.109,0.7992,Medium
782,799,TDIKNLFFPNTEPFYAAF,3,14.29,14.46-14.54,9,0.059,0.008,1.2e+05,712.865,712.771,0.8473,Medium
782,806,TDIKNLFFPNTEPFYAAFGNRPADV,3,13.77,13.83-13.91,9,0.075,0.009,1.7e+05,949.451,949.378,0.8859,Medium
782,808,TDIKNLFFPNTEPFYAAFGNRPADVYS,3,13.94,13.92-13.99,9,0.082,0.010,9.71e+04,1032.921,1032.797,0.8204,Medium
783,796,DIKNLFFPNTEPFY,3,14.26,14.28-14.35,9,0.047,0.007,2.38e+04,582.746,582.655,0.8320,Medium
784,795,IKNLFFPNTEPF,2,13.52,13.61-13.68,9,0.062,0.008,4.72e+04,734.528,734.348,0.8016,Medium
784,796,IKNLFFPNTEPFY,2,13.88,13.75-13.82,10,0.069,0.009,2.84e+05,815.981,815.928,0.9136,Medium
784,806,IKNLFFPNTEPFYAAFGNRPADV,3,13.41,13.53-13.60,8,0.073,0.009,6.14e+04,877.417,877.310,0.8244,Medium
796,806,YAAFGNRPADV,2,8.93,8.81-8.88,9,0.051,0.006,9.1e+04,591.240,591.140,0.7947,Medium
796,808,YAAFGNRPADVYS,2,9.20,9.22-9.29,9,0.060,0.007,7.51e+04,716.458,716.269,0.7246,Medium
797,806,AAFGNRPADV,2,7.77,7.83-7.90,8,0.042,0.005,3.6e+05,509.591,509.556,0.9303,High
797,808,AAFGNRPADVYS,2,8.24,8.29-8.36,9,0.054,0.007,4.32e+05,634.739,634.681,0.8938,Medium
797,816,AAFGNRPADVYSYKQVGVSL,3,10.45,10.38-10.45,8,0.061,0.006,7.87e+04,715.226,715.132,0.8090,Medium
799,806,FGNRPADV,2,6.91,6.86-6.92,8,0.038,0.005,6.15e+04,438.568,438.478,0.8536,Medium
799,808,FGNRPADVYS,2,7.65,7.60-7.67,9,0.049,0.006,7.48e+04,563.663,563.604,0.8869,Medium
800,806,GNRPADV,2,5.01,5.02-5.08,9,0.032,0.004,2.36e+05,364.915,364.891,0.9338,High
800,808,GNRPADVYS,2,6.20,6.19-6.26,9,0.040,0.006,2.24e+05,489.982,490.017,0.9230,High
800,816,GNRPADVYSYKQVGVSL,2,9.73,9.54-9.91,45,0.060,0.009,1.49e+05,927.667,927.529,0.5333,Low
800,816,GNRPADVYSYKQVGVSL,3,9.73,9.72-9.79,9,0.050,0.005,4.92e+04,618.709,618.689,0.8650,Medium
807,813,YSYKQVG,1,6.78,6.84-6.90,9,0.076,0.009,8.89e+03,844.970,844.932,0.8253,Medium
807,816,YSYKQVGVSL,2,10.08,10.02-10.10,9,0.044,0.006,1.16e+06,572.678,572.653,0.9353,High
809,816,YKQVGVSL,1,9.03,9.11-9.17,8,0.082,0.010,9.88e+04,894.221,894.047,0.8666,Medium
817,828,NRIFTVNPKGEL,3,9.40,9.43-9.51,10,0.034,0.005,2.73e+06,463.590,463.536,0.9131,High
817,839,NRIFTVNPKGELVQEHAKTNISS,4,7.98,8.04-8.12,9,0.051,0.006,2.67e+05,646.764,646.724,0.8902,Medium
817,839,NRIFTVNPKGELVQEHAKTNISS,5,7.98,7.99-8.07,9,0.041,0.006,1.95e+05,517.602,517.582,0.9179,High
817,840,NRIFTVNPKGELVQEHAKTNISSY,4,8.71,8.70-8.78,9,0.056,0.006,1.47e+05,687.565,687.514,0.8960,Medium
821,828,TVNPKGEL,2,6.99,6.93-7.00,9,0.040,0.005,2.67e+04,429.582,429.490,0.7999,Medium
829,839,VQEHAKTNISS,2,4.15,4.23-4.30,9,0.049,0.006,4.48e+05,607.666,607.657,0.9614,High
829,840,VQEHAKTNISSY,2,6.42,6.41-6.48,9,0.056,0.007,2.78e+05,689.263,689.244,0.9447,High
832,839,HAKTNISS,1,3.76,3.71-3.78,8,0.079,0.009,2.14e+03,857.955,857.932,0.7631,Medium
832,840,HAKTNISSY,2,5.88,5.76-5.82,9,0.043,0.007,2.78e+04,511.260,511.057,0.6850,Medium
840,845,YVRLCE,2,8.30,8.35-8.43,9,0.033,0.005,5.59e+05,391.994,391.968,0.9285,High
841,845,VRLCE,1,7.04,6.97-7.04,8,0.060,0.008,9.78e+04,619.916,619.756,0.8170,Medium
844,854,CEVVDHVFPLL,2,13.88,13.96-14.03,9,0.053,0.007,4.31e+05,636.293,636.257,0.9327,High
846,854,VVDHVFPLL,2,13.21,13.30-13.38,9,0.042,0.006,1.02e+06,520.148,520.128,0.9409,High
846,867,VVDHVFPLLKRSHSCDFPCSDT,3,10.00,10.00-10.07,9,0.070,0.007,6.34e+04,835.341,835.284,0.8526,Medium
846,867,VVDHVFPLLKRSHSCDFPCSDT,4,10.00,10.06-10.14,9,0.050,0.006,1.79e+05,626.759,626.715,0.9000,High
846,871,VVDHVFPLLKRSHSCDFPCSDTFSNF,5,11.75,11.83-11.91,9,0.048,0.005,7.71e+04,600.647,600.679,0.8341,Medium
847,854,VDHVFPLL,2,13.11,13.26-13.33,9,0.041,0.005,5.57e+04,470.601,470.562,0.9176,Medium
855,862,KRSHSCDF,2,5.40,5.41-5.48,9,0.042,0.005,2.28e+04,490.684,490.544,0.8108,Medium
855,867,KRSHSCDFPCSDT,2,6.95,7.04-7.11,9,0.064,0.008,5.4e+04,742.403,742.309,0.8672,Medium
855,871,KRSHSCDFPCSDTFSNF,4,10.97,10.90-10.98,9,0.041,0.005,1.07e+05,495.646,495.540,0.7964,Medium
868,873,FSNFTF,1,13.06,13.08-13.16,9,0.069,0.009,2.14e+05,762.925,762.825,0.8725,Medium
872,886,TFWREPLPPFENQDM,2,12.60,12.66-12.73,9,0.078,0.009,1.37e+05,954.610,954.564,0.9163,High
872,893,TFWREPLPPFENQDMHSASAGT,3,11.24,11.35-11.42,10,0.059,0.008,2.08e+06,840.607,840.581,0.9241,High
873,893,FWREPLPPFENQDMHSASAGT,3,10.92,11.05-11.12,9,0.067,0.007,2.72e+04,807.131,806.861,0.6696,Medium
874,886,WREPLPPFENQDM,2,11.53,11.64-11.71,9,0.069,0.008,4.07e+04,830.579,830.425,0.8062,Medium
874,893,WREPLPPFENQDMHSASAGT,3,10.19,10.23-10.31,10,0.059,0.007,5.66e+05,757.897,757.818,0.9108,High
885,893,DMHSASAGT,1,4.48,4.45-4.51,8,0.091,0.008,7.96e+03,877.170,876.913,0.8019,Medium
